{"Result": [{"Sentence":"A decent fine dining restaurant but needs to work alot on the Non-Veg food...", "Sentiment polarity":0.29},{"Sentence":" Atmosphere was not good.", "Sentiment polarity":-0.35},{"Sentence":" Don't recommend it.", "Sentiment polarity":0.00},{"Sentence":" music was dull and boring.", "Sentiment polarity":-0.65},{"Sentence":" I hated the service too.", "Sentiment polarity":-0.90},{"Sentence":" Food was great though.", "Sentiment polarity":0.80},{"Sentence":" I loved the beer.", "Sentiment polarity":0.70}] }